Model,Accuracy,Accuracy (std),Precision,Precision (std),Recall,Recall (std),F1-score,F1-score (std),ROC AUC,ROC AUC (std)
Homogeneous Ensemble,0.9815552995391705,0.00036230841459716415,0.05833333333333333,0.11814539065631521,0.0019189939572105178,0.0041001191207906285,0.0037113718273138556,0.00791350356567748,0.6618437638270759,0.01944734163878636
Heterogeneous Ensemble,0.9819470046082948,7.376871241280452e-05,0.0,0.0,0.0,0.0,0.0,0.0,0.8365517936222446,0.011237549636926584
AdaBoost,0.981958525345622,5.6439855824484705e-05,0.0,0.0,0.0,0.0,0.0,0.0,0.8203459653634694,0.0195604354898193
EasyEnsemble,0.6956451612903225,0.012282727000687799,0.04802696170321094,0.0023400712719002874,0.8416258370080026,0.019991523882533693,0.09086177295230316,0.004267736947077927,0.848265791579688,0.00974171249379457
