Model,Accuracy,Accuracy (std),Precision,Precision (std),Recall,Recall (std),F1-score,F1-score (std),ROC AUC,ROC AUC (std)
Homogeneous Ensemble,0.9314421618019818,0.0060862897157702225,0.8510328812163082,0.044967950985367634,0.6418599656357388,0.03235209150363551,0.7305887121497692,0.023574639299915438,0.8978099189124013,0.018935878996524103
Heterogeneous Ensemble,0.9332444138291216,0.0049269301697771415,0.8783458126106238,0.02851541752717545,0.6274484536082474,0.03675090520680976,0.731008042399818,0.023895178846782068,0.9070712945378911,0.024038597798398797
AdaBoost,0.8759431095263178,0.008774336530175194,0.6779984249108095,0.05859287847409497,0.27560137457044676,0.07461684867115476,0.3859310596937328,0.08303345894880348,0.8577288784138182,0.0255040641950985
EasyEnsemble,0.8556840948894923,0.010640668583423609,0.5018528981443827,0.021597879875860506,0.8396048109965635,0.04738476320912585,0.6276555542196102,0.023966517220322173,0.8834227670766263,0.02543578109547169
