Model,Accuracy,Accuracy (std),Precision,Precision (std),Recall,Recall (std),F1-score,F1-score (std),ROC AUC,ROC AUC (std)
Homogeneous Ensemble,0.9995417949267447,6.104314340550399e-05,0.9505658831057346,0.02609110185868983,0.7754380540094825,0.021237390739204796,0.8539241549836181,0.01943376787066637,0.93341837582098,0.0120184064391605
Heterogeneous Ensemble,0.9994118826791839,5.1029513232056445e-05,0.9224839866182275,0.04393871222559532,0.7236446093588951,0.03896018820260025,0.8092595097465655,0.018331172916296042,0.9568353185048449,0.013536529769966629
AdaBoost,0.9990783235851461,9.396495160243815e-05,0.7586968567089623,0.03917354044606994,0.6870232941661513,0.022195695110087774,0.72060333015715,0.0243948231228968,0.9636680920783564,0.008532481664248566
EasyEnsemble,0.9666721709911735,0.0026171276430591557,0.04545745812230414,0.0025309673014698073,0.9106060606060608,0.025874323553354634,0.08657089956400787,0.004549087833020304,0.9790427189490979,0.005922503887617735
