Model,Accuracy,Accuracy (std),Precision,Precision (std),Recall,Recall (std),F1-score,F1-score (std),ROC AUC,ROC AUC (std)
Homogeneous Ensemble,0.8210801393728223,0.05172808030017855,0.8228668323181066,0.04695603543221413,0.8551383399209487,0.10366003564635941,0.8340705893365469,0.05813384905419675,0.8991582587892657,0.043569892583149056
Heterogeneous Ensemble,0.823403019744483,0.04696977410862029,0.8042947390773477,0.05390500537100205,0.8918972332015811,0.054418208109687886,0.8443284218261736,0.04079128595893112,0.9140482629498647,0.051900333013442754
AdaBoost,0.7584785133565621,0.06311412270242904,0.7689802950672516,0.056215007523999064,0.7877470355731224,0.09623592817711966,0.7757101799998187,0.06703540838873186,0.842144008737258,0.047597733509420606
EasyEnsemble,0.8333333333333334,0.05224996563017186,0.8474660502223431,0.042783649967887805,0.8430830039525692,0.0938566658474909,0.8424983978226799,0.0544302370368363,0.9234366548783024,0.03861470239905735
