Modifier,Model,Accuracy,Accuracy (std),Precision,Precision (std),Recall,Recall (std),F1-score,F1-score (std),ROC AUC,ROC AUC (std)
SMOTE,Homogeneous Ensemble,0.999511950376575,6.319906251120279e-05,0.8867566385605554,0.023687432569092313,0.8231807874665018,0.02443809495931769,0.8535127939985487,0.018831101211325377,0.9529091926664665,0.011265967809235089
SMOTE,Heterogeneous Ensemble,0.9977282857534171,0.0002551623681814314,0.4252195588860159,0.027893900496440877,0.8648526077097506,0.022594201342349383,0.5693044439928967,0.02410910267658365,0.9807898348830062,0.004546177169504789
SMOTEN,Homogeneous Ensemble,0.9995417950808461,6.589771562979922e-05,0.9438246708812393,0.025666460206880293,0.7815089672232529,0.019371843994644266,0.8549522833531503,0.020620865725862567,0.9334176391684915,0.015426554949412266
