Model,Accuracy,Accuracy (std),Precision,Precision (std),Recall,Recall (std),F1-score,F1-score (std),ROC AUC,ROC AUC (std)
Homogeneous Ensemble,0.8643933487016069,0.01532556083517256,0.8550366946904921,0.0246772808898372,0.8152777777777779,0.023282020297555835,0.8343999345186115,0.018545303544495753,0.9309036065745394,0.015297878385141916
Heterogeneous Ensemble,0.8766179062987322,0.018804541441803237,0.8610100377411832,0.023906244622793973,0.8416666666666668,0.027916321169780236,0.8510550514041852,0.02316714453574474,0.9399390703517587,0.01474446883983456
AdaBoost,0.8515967184215878,0.02252769874473547,0.8302672148723204,0.04670486175931027,0.8166666666666667,0.030301978096210318,0.8221784486336909,0.023565781257367302,0.9283252024008932,0.01670868887904329
EasyEnsemble,0.8690563767035051,0.02068365768932418,0.8232482433938868,0.031272952910782095,0.8770833333333334,0.023250929226087777,0.848973138692724,0.02251653229614531,0.9398519332774985,0.015371807119353929
