Model,Accuracy,Accuracy (std),Precision,Precision (std),Recall,Recall (std),F1-score,F1-score (std),ROC AUC,ROC AUC (std)
Homogeneous Ensemble,0.9257142857142858,0.031167748898959183,0.9286893508419544,0.023329953980521623,0.9575757575757576,0.03533910239300182,0.9426208874025506,0.024629800061314665,0.9764292152292153,0.013979651355112964
Heterogeneous Ensemble,0.9314285714285715,0.03050593786294662,0.9189503087698231,0.02814139465831625,0.9798484848484849,0.0255222464283358,0.9481994199785989,0.02286157736834382,0.9750455322455324,0.014587329362751908
AdaBoost,0.9,0.02020305089104422,0.8803506096829448,0.024008866136311473,0.9775757575757575,0.02252797012188333,0.9260343875385951,0.014483493278270036,0.9420444055944056,0.014665951391576261
EasyEnsemble,0.9185714285714287,0.0409329965196983,0.9214719351284371,0.03913049027719679,0.9553030303030303,0.03995409185775522,0.9374932003649661,0.03159270582078864,0.9678765345765346,0.018186028946959386
